,Temperature,L,R,A_M,Color_Red,Color_Blue,Color_BlueWhite,Color_White,Color_YellowWhite,Color_Yellow,Color_Orange,Color_OrangeRed,Color_YellowOrange,Spectral_Class_M,Spectral_Class_B,Spectral_Class_O,Spectral_Class_A,Spectral_Class_F,Spectral_Class_K,Spectral_Class_G,star_type,r_log,r_clipped,l_log,temp_log
0,3068,0.0024,0.17,16.12,1,0,0,0,0,0,0,0,0,1,0,0,0,0,0,0,Red Dwarf,-1.7719568419318752,0.24344214649946344,-6.032286541628237,8.028781162487148
1,3042,0.0005,0.1542,16.6,1,0,0,0,0,0,0,0,0,1,0,0,0,0,0,0,Red Dwarf,-1.869504817852908,0.23554629887003734,-7.600902459542082,8.020270472819238
2,2600,0.0003,0.102,18.7,1,0,0,0,0,0,0,0,0,1,0,0,0,0,0,0,Red Dwarf,-2.282782465697866,0.2020942738001064,-8.111728083308073,7.8632667240095735
3,2800,0.0002,0.16,16.65,1,0,0,0,0,0,0,0,0,1,0,0,0,0,0,0,Red Dwarf,-1.8325814637483102,0.23853499417841828,-8.517193191416238,7.937374696163295
4,1939,0.000138,0.103,20.06,1,0,0,0,0,0,0,0,0,1,0,0,0,0,0,0,Red Dwarf,-2.2730262907525014,0.20288397005046205,-8.88825687280707,7.569927655242652
5,2840,0.00065,0.11,16.98,1,0,0,0,0,0,0,0,0,1,0,0,0,0,0,0,Red Dwarf,-2.2072749131897207,0.20820609850836932,-7.338538195074591,7.951559331155252
6,2637,0.00073,0.127,17.22,1,0,0,0,0,0,0,0,0,1,0,0,0,0,0,0,Red Dwarf,-2.0635681925235456,0.2198381837360851,-7.222466023821838,7.877397186353287
7,2600,0.0004,0.096,17.4,1,0,0,0,0,0,0,0,0,1,0,0,0,0,0,0,Red Dwarf,-2.3434070875143007,0.19718712147906126,-7.824046010856292,7.8632667240095735
8,2650,0.00069,0.11,17.45,1,0,0,0,0,0,0,0,0,1,0,0,0,0,0,0,Red Dwarf,-2.2072749131897207,0.20820609850836932,-7.278818960372969,7.882314918980268
9,2700,0.00018,0.13,16.05,1,0,0,0,0,0,0,0,0,1,0,0,0,0,0,0,Red Dwarf,-2.0402208285265546,0.22172799464121573,-8.622553707074063,7.90100705199242
10,3600,0.0029,0.51,10.69,1,0,0,0,0,0,0,0,0,1,0,0,0,0,0,0,Brown Dwarf,-0.6733445532637656,0.3323673666614959,-5.843044541989709,8.1886891244442
11,3129,0.0122,0.3761,11.79,1,0,0,0,0,0,0,0,0,1,0,0,0,0,0,0,Brown Dwarf,-0.9779002135058463,0.3077156497473755,-4.406319327242926,8.048468743668883
12,3134,0.0004,0.196,13.21,1,0,0,0,0,0,0,0,0,1,0,0,0,0,0,0,Brown Dwarf,-1.6296406197516198,0.2549616802972791,-7.824046010856292,8.050065422915965
13,3628,0.0055,0.393,10.48,1,0,0,0,0,0,0,0,0,1,0,0,0,0,0,0,Brown Dwarf,-0.9339456671128757,0.31127347242552506,-5.2030071867437115,8.196436811235028
14,2650,0.0006,0.14,11.782,1,0,0,0,0,0,0,0,0,1,0,0,0,0,0,0,Brown Dwarf,-1.9661128563728327,0.22772653280386534,-7.418580902748128,7.882314918980268
15,3340,0.0038,0.24,13.07,1,0,0,0,0,0,0,0,0,1,0,0,0,0,0,0,Brown Dwarf,-1.4271163556401458,0.27135464709733204,-5.572754212249797,8.113726085970747
16,2799,0.0018,0.16,14.79,1,0,0,0,0,0,0,0,0,1,0,0,0,0,0,0,Brown Dwarf,-1.8325814637483102,0.23853499417841828,-6.319968614080018,7.937017489515454
17,3692,0.00367,0.47,10.8,1,0,0,0,0,0,0,0,0,1,0,0,0,0,0,0,Brown Dwarf,-0.7550225842780328,0.3257560835316208,-5.607563616915658,8.213923595622743
18,3192,0.00362,0.1967,13.53,1,0,0,0,0,0,0,0,0,1,0,0,0,0,0,0,Brown Dwarf,-1.6260755535871236,0.25525024824508025,-5.621281253144457,8.068402958569699
19,3441,0.039,0.351,11.18,1,0,0,0,0,0,0,0,0,1,0,0,0,0,0,0,Brown Dwarf,-1.0469690555162714,0.3021249950228049,-3.2441936328524905,8.14351740579748
20,25000,0.056,0.0084,10.58,0,0,1,0,0,0,0,0,0,0,1,0,0,0,0,0,White Dwarf,-4.779523573132869,0.0,-2.8824035882469876,10.126631103850338
21,7740,0.00049,0.01234,14.02,0,0,0,1,0,0,0,0,0,0,0,0,1,0,0,0,White Dwarf,-4.394909260504895,0.03113192231754089,-7.621105166859602,8.954156966583772
22,7220,0.00017,0.011,14.23,0,0,0,1,0,0,0,0,0,0,0,0,0,1,0,0,White Dwarf,-4.509860006183766,0.02182743840386106,-8.679712120914012,8.884610231886873
23,8500,0.0005,0.01,14.5,0,0,0,1,0,0,0,0,0,0,0,0,1,0,0,0,White Dwarf,-4.605170185988091,0.014112725205943318,-7.600902459542082,9.047821442478408
24,16500,0.013,0.014,11.89,0,0,1,0,0,0,0,0,0,0,1,0,0,0,0,0,White Dwarf,-4.268697949366879,0.04134787269935703,-4.3428059215206005,9.711115659888671
25,12990,8.5e-05,0.00984,12.23,0,0,0,0,1,0,0,0,0,0,0,0,0,1,0,0,White Dwarf,-4.621299567917975,0.012807161037412714,-9.372859301473957,9.471935109664646
26,8570,0.00081,0.0097,14.2,0,0,1,0,0,0,0,0,0,0,0,0,1,0,0,0,White Dwarf,-4.6356293934728,0.011647258762979618,-7.1184763102977895,9.056023011591826
27,7700,0.00011,0.0128,14.47,0,0,0,0,1,0,0,0,0,0,0,0,0,1,0,0,White Dwarf,-4.358310108056566,0.03409437569875797,-9.115030192171858,8.948975607841776
28,11790,0.00015,0.011,12.59,0,0,0,0,1,0,0,0,0,0,0,0,0,1,0,0,White Dwarf,-4.509860006183766,0.02182743840386106,-8.804875263868018,9.375006993531416
29,7230,8e-05,0.013,14.08,0,0,0,0,0,0,0,0,1,0,0,0,0,1,0,0,White Dwarf,-4.3428059215206005,0.03534933453670743,-9.433483923290392,8.88599431515281
30,39000,204000.0,10.6,-4.7,0,1,0,0,0,0,0,0,0,0,0,1,0,0,0,0,Main Sequence,2.3608540011180215,0.5779651787803013,12.225875272826354,10.571316925111784
31,30000,28840.0,6.3,-4.2,0,0,1,0,0,0,0,0,0,0,1,0,0,0,0,0,Main Sequence,1.840549633397487,0.5358500659893198,10.269518591398885,10.308952660644293
32,15276,1136.0,7.2,-1.97,0,0,1,0,0,0,0,0,0,0,1,0,0,0,0,0,Main Sequence,1.9740810260220096,0.5466585273638728,7.035268599281097,9.634038248345407
33,9700,74.0,2.89,0.16,0,0,0,1,0,0,0,0,0,0,1,0,0,0,0,0,Main Sequence,1.0612565021243408,0.47277156779298357,4.30406509320417,9.179881164491475
34,5800,0.81,0.9,5.05,0,0,0,0,1,0,0,0,0,0,0,0,0,1,0,0,Main Sequence,-0.10536051565782628,0.37834182563451657,-0.21072103131565253,8.66561319653451
35,8052,8.7,1.8,2.42,0,0,0,1,0,0,0,0,0,0,0,0,1,0,0,0,Main Sequence,0.5877866649021191,0.43444739287763534,2.163323025660538,8.993675786759683
36,6757,1.43,1.12,2.41,0,0,0,0,1,0,0,0,0,0,0,0,0,1,0,0,Main Sequence,0.11332868530700327,0.3960432345332216,0.3576744442718159,8.818334283552174
37,6380,1.35,0.98,2.93,0,0,0,0,1,0,0,0,0,0,0,0,0,1,0,0,Main Sequence,-0.020202707317519466,0.38523477315866866,0.30010459245033816,8.760923376338836
38,5936,1.357,1.106,4.46,0,0,0,0,1,0,0,0,0,0,0,0,0,1,0,0,Main Sequence,0.10074990310014315,0.395025067352085,0.30527638085273207,8.688790784847216
39,5587,0.819,0.99,5.03,0,0,0,0,1,0,0,0,0,0,0,0,0,1,0,0,Main Sequence,-0.01005033585350145,0.3860565388324343,-0.1996711951290677,8.628197749459149
40,3826,200000.0,19.0,-6.93,1,0,0,0,0,0,0,0,0,1,0,0,0,0,0,0,Super Giants,2.9444389791664403,0.6252024281643632,12.206072645530174,8.249575150000199
41,3365,340000.0,23.0,-6.2,1,0,0,0,0,0,0,0,0,1,0,0,0,0,0,0,Super Giants,3.1354942159291497,0.6406670549189304,12.736700896592344,8.121183242078828
42,3270,150000.0,88.0,-6.02,1,0,0,0,0,0,0,0,0,1,0,0,0,0,0,0,Super Giants,4.477336814478207,0.7492801204467423,11.918390573078392,8.0925452638913
43,3200,195000.0,17.0,-7.22,1,0,0,0,0,0,0,0,0,1,0,0,0,0,0,0,Super Giants,2.833213344056216,0.61619946670848,12.180754837545884,8.070906088787819
44,3008,280000.0,25.0,-6.0,1,0,0,0,0,0,0,0,0,1,0,0,0,0,0,0,Super Giants,3.2188758248682006,0.6474162311377388,12.542544882151386,8.00903068506973
45,3600,320000.0,29.0,-6.6,1,0,0,0,0,0,0,0,0,1,0,0,0,0,0,0,Super Giants,3.367295829986474,0.6594298248028828,12.676076274775909,8.1886891244442
46,3575,123000.0,45.0,-6.78,1,0,0,0,0,0,0,0,0,1,0,0,0,0,0,0,Super Giants,3.8066624897703196,0.6949935786004143,11.719939634354555,8.181720455128108
47,3574,200000.0,89.0,-5.24,1,0,0,0,0,0,0,0,0,1,0,0,0,0,0,0,Super Giants,4.48863636973214,0.7501947428745571,12.206072645530174,8.181440695719374
48,3625,184000.0,84.0,-6.74,1,0,0,0,0,0,0,0,0,1,0,0,0,0,0,0,Super Giants,4.430816798843313,0.7455146404180332,12.122691036591123,8.195609567288775
49,33750,220000.0,26.0,-6.1,0,1,0,0,0,0,0,0,0,0,1,0,0,0,0,0,Super Giants,3.258096538021482,0.6505908820933511,12.301382825334498,10.426735696300677
50,3490,270000.0,1520.0,-9.4,1,0,0,0,0,0,0,0,0,1,0,0,0,0,0,0,Hyper Giants,7.326465613840322,0.9798977899982277,12.506177237980511,8.157657015196472
51,3750,283000.0,1260.0,-7.63,1,0,0,0,0,0,0,0,0,1,0,0,0,0,0,0,Hyper Giants,7.138866999945524,0.9647129534414552,12.553202176625375,8.229511118964457
52,3834,272000.0,1183.0,-9.2,1,0,0,0,0,0,0,0,0,1,0,0,0,0,0,0,Hyper Giants,7.075808863978387,0.9596088246403081,12.513557345278134,8.251663923605589
53,3749,550000.0,1648.0,-8.05,0,0,0,0,0,0,1,0,0,1,0,0,0,0,0,0,Hyper Giants,7.4073177104694174,0.986442219336462,13.217673557208654,8.229244416735913
54,3650,310000.0,1324.0,-7.79,1,0,0,0,0,0,0,0,0,1,0,0,0,0,0,0,Hyper Giants,7.188412736496954,0.9687233450749472,12.644327576461329,8.202482446576537
55,3450,263000.0,1349.0,-11.75,1,0,0,0,0,0,0,0,0,1,0,0,0,0,0,0,Hyper Giants,7.207118856207756,0.9702374787059089,12.479909311159902,8.146129510025405
56,3660,363000.0,1673.0,-11.92,1,0,0,0,0,0,0,0,0,1,0,0,0,0,0,0,Hyper Giants,7.422373700986824,0.9876608997438521,12.802158113246987,8.205218426395412
57,3450,174000.0,1284.0,-11.28,1,0,0,0,0,0,0,0,0,1,0,0,0,0,0,0,Hyper Giants,7.157735484249907,0.9662402293860245,12.066810578196666,8.146129510025405
58,3752,209000.0,955.0,-11.24,1,0,0,0,0,0,0,0,0,1,0,0,0,0,0,0,Hyper Giants,6.86171134048073,0.9422790809176557,12.250089530946948,8.230044310126114
59,3535,195000.0,1546.0,-11.36,1,0,0,0,0,0,0,0,0,1,0,0,0,0,0,0,Hyper Giants,7.343426229147367,0.9812706368758928,12.180754837545884,8.170468578330674
60,3341,0.0056,0.057,16.23,1,0,0,0,0,0,0,0,0,1,0,0,0,0,0,0,Red Dwarf,-2.864704011147587,0.15499166801287081,-5.184988681241033,8.114025442356757
61,3432,0.00067,0.19,16.94,1,0,0,0,0,0,0,0,0,1,0,0,0,0,0,0,Red Dwarf,-1.6607312068216509,0.25244510795534664,-7.308232845579262,8.140898460607852
62,2983,0.00024,0.094,16.09,1,0,0,0,0,0,0,0,0,1,0,0,0,0,0,0,Red Dwarf,-2.364460496712133,0.19548299067023123,-8.334871634622283,8.000684784514748
63,2835,0.00034,0.0918,16.96,1,0,0,0,0,0,0,0,0,1,0,0,0,0,0,0,Red Dwarf,-2.388142981355692,0.1935660540196631,-7.986564940354067,7.949797216161852
64,2935,0.00014,0.116,18.89,1,0,0,0,0,0,0,0,0,1,0,0,0,0,0,0,Red Dwarf,-2.1541650878757723,0.21250497897559548,-8.87386813535497,7.984462732262196
65,3295,0.00098,0.132,17.13,1,0,0,0,0,0,0,0,0,1,0,0,0,0,0,0,Red Dwarf,-2.0249533563957662,0.22296379305213102,-6.927957986299656,8.100161446936607
66,2945,0.00032,0.093,18.34,1,0,0,0,0,0,0,0,0,1,0,0,0,0,0,0,Red Dwarf,-2.375155785828881,0.19461727949148916,-8.047189562170502,7.987864096085687
67,2817,0.00098,0.0911,16.45,1,0,0,0,0,0,0,0,0,1,0,0,0,0,0,0,Red Dwarf,-2.3957974747162245,0.19294647465182316,-6.927957986299656,7.943427767876373
68,2774,0.00036,0.118,17.39,1,0,0,0,0,0,0,0,0,1,0,0,0,0,0,0,Red Dwarf,-2.137070654516472,0.2138886575177897,-7.929406526514119,7.928045600874777
69,2871,0.00072,0.12,19.43,1,0,0,0,0,0,0,0,0,1,0,0,0,0,0,0,Red Dwarf,-2.120263536200091,0.2152490798542133,-7.236259345954173,7.962415680121064
70,3345,0.021,0.273,12.3,1,0,0,0,0,0,0,0,0,1,0,0,0,0,0,0,Brown Dwarf,-1.2982834837971773,0.28178279505354326,-3.863232841258714,8.11522197256233
71,3607,0.022,0.38,10.12,1,0,0,0,0,0,0,0,0,1,0,0,0,0,0,0,Brown Dwarf,-0.9675840262617056,0.30855067519846535,-3.816712825623821,8.19063168090354
72,3304,0.0085,0.18,13.2,1,0,0,0,0,0,0,0,0,1,0,0,0,0,0,0,Brown Dwarf,-1.7147984280919266,0.24806873277312702,-4.767689115485866,8.102889134640868
73,3150,0.0088,0.35,11.94,1,0,0,0,0,0,0,0,0,1,0,0,0,0,0,0,Brown Dwarf,-1.0498221244986778,0.3018940584221361,-4.733003557497976,8.055157731819678
74,3550,0.004,0.291,10.89,1,0,0,0,0,0,0,0,0,1,0,0,0,0,0,0,Brown Dwarf,-1.2344320118106447,0.28695113902952035,-5.521460917862246,8.174702882469461
75,3180,0.001,0.35,11.76,1,0,0,0,0,0,0,0,0,1,0,0,0,0,0,0,Brown Dwarf,-1.0498221244986778,0.3018940584221361,-6.907755278982137,8.064636475774222
76,2890,0.0034,0.24,13.46,1,0,0,0,0,0,0,0,0,1,0,0,0,0,0,0,Brown Dwarf,-1.4271163556401458,0.27135464709733204,-5.683979847360021,7.969011781106478
77,3342,0.0015,0.307,11.87,1,0,0,0,0,0,0,0,0,1,0,0,0,0,0,0,Brown Dwarf,-1.18090753139494,0.29128358301737645,-6.502290170873972,8.114324709155339
78,2621,0.0006,0.098,12.81,1,0,0,0,0,0,0,0,0,1,0,0,0,0,0,0,Brown Dwarf,-2.322787800311565,0.1988561130541604,-7.418580902748128,7.8713112033234065
79,3158,0.00135,0.161,13.98,1,0,0,0,0,0,0,0,0,1,0,0,0,0,0,0,Brown Dwarf,-1.8263509139976741,0.23903931496020883,-6.607650686531799,8.057694194815587
80,7100,0.00029,0.012,14.09,0,0,0,0,1,0,0,0,0,0,0,0,0,1,0,0,White Dwarf,-4.422848629194137,0.028870419749704977,-8.145629634983754,8.867850063029406
81,10574,0.00014,0.0092,12.02,0,0,0,1,0,0,0,0,0,0,0,0,0,1,0,0,White Dwarf,-4.688551794927142,0.007363548987134771,-8.87386813535497,9.266153436795395
82,8930,0.00056,0.0095,13.78,0,0,0,1,0,0,0,0,0,0,0,0,1,0,0,0,White Dwarf,-4.656463480375642,0.009960880607719567,-7.487573774235079,9.097171673870545
83,17200,0.00098,0.015,12.45,0,0,1,0,0,0,0,0,0,0,1,0,0,0,0,0,White Dwarf,-4.199705077879927,0.046932378124857,-6.927957986299656,9.752664662801545
84,14100,0.00067,0.0089,12.17,0,0,1,0,0,0,0,0,0,0,1,0,0,0,0,0,White Dwarf,-4.721704002244043,0.004680102456524043,-7.308232845579262,9.55393007636626
85,9675,0.00045,0.0109,13.98,0,0,1,0,0,0,0,0,0,0,0,0,1,0,0,0,White Dwarf,-4.518992489747039,0.021088225744520833,-7.706262975199909,9.177300517897983
86,12010,0.00078,0.0092,12.13,0,0,1,0,0,0,0,0,0,0,1,0,0,0,0,0,White Dwarf,-4.688551794927142,0.007363548987134771,-7.156216638280637,9.39349491507403
87,10980,0.00074,0.0087,11.19,0,0,1,0,0,0,0,0,0,0,1,0,0,0,0,0,White Dwarf,-4.744432253321599,0.0028404045468821528,-7.208860371766058,9.30383071506352
88,13720,0.00018,0.00892,12.97,0,0,0,1,0,0,0,0,0,0,0,0,0,1,0,0,White Dwarf,-4.719459332390219,0.0048617932704729545,-8.622553707074063,9.526609901279876
89,19860,0.0011,0.0131,11.34,0,1,0,0,0,0,0,0,0,0,1,0,0,0,0,0,White Dwarf,-4.3351430487750315,0.03596959215898424,-6.812445099177812,9.896462937599164
90,5300,0.59,0.91,5.49,0,0,0,0,1,0,0,0,0,0,0,0,0,1,0,0,Main Sequence,-0.09431067947124129,0.37923623499601905,-0.527632742082372,8.575462099540212
91,4526,0.153,0.865,6.506,0,0,0,0,0,1,0,0,0,0,0,0,0,0,1,0,Main Sequence,-0.14502577205025774,0.37513119191608557,-1.8773173575897015,8.417593826193484
92,4077,0.085,0.795,6.228,0,0,0,0,0,1,0,0,0,0,0,0,0,0,1,0,Main Sequence,-0.2294131643278051,0.36830060435158796,-2.4651040224918206,8.313116702819253
93,4980,0.357,1.13,4.78,0,0,0,0,0,1,0,0,0,0,0,0,0,0,1,0,Main Sequence,0.12221763272424911,0.3967627345918325,-1.030019497202498,8.513185170018698
94,9030,45.0,2.63,1.45,0,0,1,0,0,0,0,0,0,0,0,0,1,0,0,0,Main Sequence,0.9669838461896731,0.46514083512166676,3.8066624897703196,9.108307646411031
95,11250,672.0,6.98,-2.3,0,0,1,0,0,0,0,0,0,0,0,0,1,0,0,0,Main Sequence,1.9430489167742813,0.5441466884053883,6.51025834052315,9.328123407632566
96,5112,0.63,0.876,4.68,0,0,0,0,0,0,0,1,0,0,0,0,0,0,1,0,Main Sequence,-0.13238918804574562,0.37615403776105566,-0.4620354595965587,8.53934599605737
97,7720,7.92,1.34,2.44,0,0,0,0,1,0,0,0,0,0,0,0,0,1,0,0,Main Sequence,0.29266961396282004,0.4105596674270464,2.0693912058263346,8.951569643018821
98,12098,689.0,7.01,0.02,0,0,1,0,0,0,0,0,0,0,0,0,1,0,0,0,Main Sequence,1.9473377010464987,0.5444938364298262,6.535241271013659,9.400795428666859
99,36108,198000.0,10.2,-4.4,0,1,0,0,0,0,0,0,0,0,0,1,0,0,0,0,Main Sequence,2.322387720290225,0.574851594009123,12.196022309676673,10.494269726418045
100,33300,240000.0,12.0,-6.5,0,1,0,0,0,0,0,0,0,0,1,0,0,0,0,0,Super Giants,2.4849066497880004,0.5880064000632299,12.388394202324129,10.413312675968536
101,40000,813000.0,14.0,-6.23,0,1,0,0,0,0,0,0,0,0,0,1,0,0,0,0,Super Giants,2.6390573296152584,0.6004838530128819,13.608486388529947,10.596634733096073
102,23000,127000.0,36.0,-5.76,0,1,0,0,0,0,0,0,0,0,0,1,0,0,0,0,Super Giants,3.58351893845611,0.6769316202252623,11.751942365440728,10.043249494911286
103,17120,235000.0,83.0,-6.89,0,1,0,0,0,0,0,0,0,0,0,1,0,0,0,0,Super Giants,4.418840607796598,0.7445452489079283,12.367340793126296,9.748002649695733
104,11096,112000.0,12.0,-5.91,0,1,0,0,0,0,0,0,0,0,0,1,0,0,0,0,Super Giants,2.4849066497880004,0.5880064000632299,11.626254150277232,9.314339961994667
105,14245,231000.0,42.0,-6.12,0,1,0,0,0,0,0,0,0,0,0,1,0,0,0,0,Super Giants,3.7376696182833684,0.6894090731749145,12.35017298950393,9.56416124693201
106,24630,363000.0,63.0,-5.83,0,1,0,0,0,0,0,0,0,0,0,1,0,0,0,0,Super Giants,4.143134726391533,0.7222287260938282,12.802158113246987,10.111720491114584
107,12893,184000.0,36.0,-6.34,0,1,0,0,0,0,0,0,0,0,0,1,0,0,0,0,Super Giants,3.58351893845611,0.6769316202252623,12.122691036591123,9.464439807410837
108,24345,142000.0,57.0,-6.24,0,1,0,0,0,0,0,0,0,0,0,1,0,0,0,0,Super Giants,4.04305126783455,0.7141276483263956,11.863582336583399,10.100081768616802
109,33421,352000.0,67.0,-5.79,0,1,0,0,0,0,0,0,0,0,0,1,0,0,0,0,Super Giants,4.204692619390966,0.7272114203929442,12.771386454580234,10.416939723904
110,3459,100000.0,1289.0,-10.7,1,0,0,0,0,0,0,0,0,1,0,0,0,0,0,0,Hyper Giants,7.161622002939187,0.966554816737425,11.512925464970229,8.148734808937169
111,3605,126000.0,1124.0,-10.81,1,0,0,0,0,0,0,0,0,1,0,0,0,0,0,0,Hyper Giants,7.024649030453636,0.9554677827945475,11.744037185933616,8.190077049719049
112,3615,200000.0,1635.0,-11.33,1,0,0,0,0,0,0,0,0,1,0,0,0,0,0,0,Hyper Giants,7.399398083331354,0.985801179185976,12.206072645530174,8.192847134592865
113,3399,117000.0,1486.0,-10.92,1,0,0,0,0,0,0,0,0,1,0,0,0,0,0,0,Hyper Giants,7.303843225277705,0.9780666609418063,11.669929213779893,8.131236549696116
114,3610,132000.0,1522.0,-10.86,1,0,0,0,0,0,0,0,0,1,0,0,0,0,0,0,Hyper Giants,7.3277805384216315,0.9800042242326665,11.790557201568507,8.191463051326927
115,3553,145000.0,1324.0,-11.03,1,0,0,0,0,0,0,0,0,1,0,0,0,0,0,0,Hyper Giants,7.188412736496954,0.9687233450749472,11.884489021402711,8.175547596021026
116,4015,282000.0,1534.0,-11.39,1,0,0,0,0,0,0,0,0,0,0,0,0,0,1,0,Hyper Giants,7.335633981927201,0.980639907266587,12.54966234992025,8.297792626380861
117,3625,74000.0,876.0,-10.25,1,0,0,0,0,0,0,0,0,1,0,0,0,0,0,0,Hyper Giants,6.775366090936392,0.9352900180745806,11.211820372186306,8.195609567288775
118,6850,229000.0,1467.0,-10.07,1,0,0,0,0,0,0,0,0,0,0,0,0,0,0,1,Hyper Giants,7.2909747781429814,0.9770250473476366,12.341477282536376,8.83200393125627
119,3780,200000.0,1324.0,-10.7,1,0,0,0,0,0,0,0,0,1,0,0,0,0,0,0,Hyper Giants,7.188412736496954,0.9687233450749472,12.206072645530174,8.237479288613633
120,3323,0.00043,0.0912,17.16,1,0,0,0,0,0,0,0,0,1,0,0,0,0,0,0,Red Dwarf,-2.3947003819018513,0.19303527688083755,-7.751725349276666,8.108623268354595
121,3531,0.00093,0.0976,19.94,1,0,0,0,0,0,0,0,0,1,0,0,0,0,0,0,Red Dwarf,-2.32687778556309,0.19852505646331134,-6.980325971816972,8.169336395928386
122,3218,0.00054,0.11,20.02,1,0,0,0,0,0,0,0,0,1,0,0,0,0,0,0,Red Dwarf,-2.2072749131897207,0.20820609850836932,-7.523941418405954,8.076515327552329
123,3146,0.00015,0.0932,16.92,1,0,0,0,0,0,0,0,0,1,0,0,0,0,0,0,Red Dwarf,-2.3730075572905913,0.19479116403446778,-8.804875263868018,8.053887083618223
124,3511,0.00064,0.109,17.12,1,0,0,0,0,0,0,0,0,1,0,0,0,0,0,0,Red Dwarf,-2.2164073967529934,0.20746688584902914,-7.354042381610556,8.163656176168432
125,3225,0.00076,0.121,19.63,1,0,0,0,0,0,0,0,0,1,0,0,0,0,0,0,Red Dwarf,-2.111964733385396,0.21592081170628707,-7.182192124683898,8.078688229229872
126,2935,0.00087,0.0932,16.88,1,0,0,0,0,0,0,0,0,1,0,0,0,0,0,0,Red Dwarf,-2.3730075572905913,0.19479116403446778,-7.047017346315645,7.984462732262196
127,2861,0.00019,0.0899,16.71,1,0,0,0,0,0,0,0,0,1,0,0,0,0,0,0,Red Dwarf,-2.4090573375045627,0.19187317861287131,-8.568486485803788,7.95892649305011
128,2856,0.000896,0.0782,19.56,1,0,0,0,0,0,0,0,0,1,0,0,0,0,0,0,Red Dwarf,-2.5484856314308715,0.18058740303753618,-7.017570144989343,7.957177323459475
129,2731,0.000437,0.0856,18.09,1,0,0,0,0,0,0,0,0,1,0,0,0,0,0,0,Red Dwarf,-2.4580699958344407,0.18790593604907765,-7.735577362868684,7.912423121473705
130,3095,0.00019,0.492,10.87,1,0,0,0,0,0,0,0,0,1,0,0,0,0,0,0,Brown Dwarf,-0.709276562489829,0.32945891400331057,-8.568486485803788,8.037543185118697
131,3607,0.00023,0.38,10.34,1,0,0,0,0,0,0,0,0,1,0,0,0,0,0,0,Brown Dwarf,-0.9675840262617056,0.30855067519846535,-8.377431249041079,8.19063168090354
132,3100,0.008,0.31,11.17,1,0,0,0,0,0,0,0,0,1,0,0,0,0,0,0,Brown Dwarf,-1.171182981502945,0.29207071943396495,-4.8283137373023015,8.039157390473237
133,2989,0.0087,0.34,13.12,1,0,0,0,0,0,0,0,0,1,0,0,0,0,0,0,Brown Dwarf,-1.0788096613719298,0.2995477137425822,-4.744432253321599,8.002694162283937
134,3542,0.0009,0.62,14.23,1,0,0,0,0,0,0,0,0,1,0,0,0,0,0,0,Brown Dwarf,-0.4780358009429998,0.34817628667708367,-7.013115794639964,8.17244681834278
135,3243,0.0023,0.73,14.75,1,0,0,0,0,0,0,0,0,1,0,0,0,0,0,0,Brown Dwarf,-0.31471074483970024,0.36139634321729397,-6.074846156047033,8.084254106307318
136,3091,0.0081,0.24,11.43,1,0,0,0,0,0,0,0,0,1,0,0,0,0,0,0,Brown Dwarf,-1.4271163556401458,0.27135464709733204,-4.815891217303744,8.036249942132116
137,3598,0.0011,0.56,14.26,1,0,0,0,0,0,0,0,0,1,0,0,0,0,0,0,Brown Dwarf,-0.579818495252942,0.3399376672901029,-6.812445099177812,8.188133414510478
138,3324,0.0034,0.34,12.23,1,0,0,0,0,0,0,0,0,1,0,0,0,0,0,0,Brown Dwarf,-1.0788096613719298,0.2995477137425822,-5.683979847360021,8.10892415597534
139,3541,0.0013,0.256,14.33,1,0,0,0,0,0,0,0,0,1,0,0,0,0,0,0,Brown Dwarf,-1.3625778345025745,0.27657860304638504,-6.645391014514646,8.172164452111904
140,13420,0.00059,0.00981,13.67,0,0,1,0,0,0,0,0,0,0,1,0,0,0,0,0,White Dwarf,-4.624353005404865,0.012560005964077551,-7.435388021064509,9.504501410525673
141,21020,0.0015,0.0112,11.52,0,1,0,0,0,0,0,0,0,0,1,0,0,0,0,0,White Dwarf,-4.491841500681089,0.02328591432420501,-6.502290170873972,9.953229644430943
142,18290,0.0013,0.00934,12.78,0,1,0,0,0,0,0,0,0,0,1,0,0,0,0,0,White Dwarf,-4.673449026741386,0.00858601572979494,-6.645391014514646,9.814109741384911
143,14520,0.00082,0.00972,11.92,0,0,1,0,0,0,0,0,0,0,1,0,0,0,0,0,White Dwarf,-4.63356966050979,0.011813980188818338,-7.106206217705975,9.583282288378786
144,11900,0.00067,0.00898,11.38,0,0,1,0,0,0,0,0,0,0,1,0,0,0,0,0,White Dwarf,-4.712755396668029,0.005404431438821336,-7.308232845579262,9.38429367909962
145,8924,0.00028,0.00879,14.87,0,0,1,0,0,0,0,0,0,0,0,0,1,0,0,0,White Dwarf,-4.734140567285052,0.0036734467912466267,-8.180720954795024,9.096499555552423
146,12912,0.00071,0.00945,12.83,0,0,1,0,0,0,0,0,0,0,1,0,0,0,0,0,White Dwarf,-4.6617405374764855,0.009533738594708737,-7.250245587928913,9.46591239050973
147,14732,0.00011,0.00892,12.89,0,0,0,1,0,0,0,0,0,0,0,0,0,1,0,0,White Dwarf,-4.719459332390219,0.0048617932704729545,-9.115030192171858,9.597777277564957
148,7723,0.00014,0.00878,14.81,0,0,0,1,0,0,0,0,0,0,0,0,1,0,0,0,White Dwarf,-4.735278871335112,0.0035813087919660744,-8.87386813535497,8.951958168569265
149,12984,0.00088,0.00996,11.23,0,0,1,0,0,0,0,0,0,0,1,0,0,0,0,0,White Dwarf,-4.60917820738563,0.013788303033656827,-7.035588650492022,9.471473109194427
150,29560,188000.0,6.02,-4.01,0,0,1,0,0,0,0,0,0,0,1,0,0,0,0,0,Main Sequence,1.7950872593207297,0.5321701948777692,12.144197241812087,10.294177375062137
151,8945,38.0,2.487,0.12,0,0,1,0,0,0,0,0,0,0,0,0,1,0,0,0,Main Sequence,0.9110771648212677,0.46061556810936966,3.6375861597263857,9.09884999594282
152,14060,1092.0,5.745,-2.04,0,0,1,0,0,0,0,0,0,0,0,0,1,0,0,0,Main Sequence,1.7483299113007191,0.5283855044007375,6.9957661563048505,9.551089165364656
153,16390,1278.0,5.68,-3.32,0,0,1,0,0,0,0,0,0,0,1,0,0,0,0,0,Main Sequence,1.7369512327330598,0.5274644774768453,7.15305163493748,9.704426671737876
154,25070,14500.0,5.92,-3.98,0,0,1,0,0,0,0,0,0,0,1,0,0,0,0,0,Main Sequence,1.7783364488959144,0.5308143302836047,9.581903928408666,10.12942719115234
155,28700,16790.0,6.4,-4.09,0,0,1,0,0,0,0,0,0,0,1,0,0,0,0,0,Main Sequence,1.8562979903656263,0.5371247887691641,9.728538750071586,10.264652401747712
156,26140,14520.0,5.49,-3.8,0,0,1,0,0,0,0,0,0,0,1,0,0,0,0,0,Main Sequence,1.7029282555214393,0.5247105480239179,9.583282288378786,10.171221987178212
157,20120,4720.0,6.78,-3.4,0,0,1,0,0,0,0,0,0,0,1,0,0,0,0,0,Main Sequence,1.9139771019523042,0.5417935219969837,8.459564078579602,9.909469624213676
158,13023,998.0,6.21,-1.38,0,0,1,0,0,0,0,0,0,0,0,0,1,0,0,0,Main Sequence,1.8261608959453874,0.5346853951960113,6.905753276311464,9.474472303967703
159,37800,202900.0,6.86,-4.56,0,1,0,0,0,0,0,0,0,0,0,1,0,0,0,0,Main Sequence,1.925707441737794,0.542743013513472,12.220468525813907,10.54006438160768
160,25390,223000.0,57.0,-5.92,0,1,0,0,0,0,0,0,0,0,0,1,0,0,0,0,Super Giants,4.04305126783455,0.7141276483263956,12.314927050442256,10.142110674698724
161,11567,251000.0,36.0,-6.245,0,1,0,0,0,0,0,0,0,0,0,1,0,0,0,0,Super Giants,3.58351893845611,0.6769316202252623,12.43320821811392,9.355911495295402
162,12675,452000.0,83.0,-5.62,0,1,0,0,0,0,0,0,0,0,0,1,0,0,0,0,Super Giants,4.418840607796598,0.7445452489079283,13.021437458814368,9.447386828459384
163,5752,245000.0,97.0,-6.63,0,1,0,0,0,0,0,0,0,0,0,1,0,0,0,0,Super Giants,4.574710978503383,0.7571618991810128,12.409013489526863,8.657302899400882
164,8927,239000.0,35.0,-7.34,0,1,0,0,0,0,0,0,0,0,0,1,0,0,0,0,Super Giants,3.5553480614894135,0.6746513786311528,12.384218830913648,9.096835671179361
165,7282,131000.0,24.0,-7.22,0,1,0,0,0,0,0,0,0,0,0,1,0,0,0,0,Super Giants,3.1780538303479458,0.6441119673063487,11.782952602183288,8.893160828735379
166,19923,152000.0,73.0,-5.69,0,1,0,0,0,0,0,0,0,0,0,1,0,0,0,0,Super Giants,4.290459441148391,0.7341536634263105,11.931635799828413,9.899630122208823
167,26373,198000.0,39.0,-5.83,0,1,0,0,0,0,0,0,0,0,0,1,0,0,0,0,Super Giants,3.6635616461296463,0.6834105350122648,12.196022309676673,10.180096038519288
168,17383,342900.0,30.0,-6.09,0,1,0,0,0,0,0,0,0,0,0,1,0,0,0,0,Super Giants,3.4011973816621555,0.6621739256815006,12.745194138451012,9.76324799612154
169,9373,424520.0,24.0,-5.99,0,1,0,0,0,0,0,0,0,0,0,1,0,0,0,0,Super Giants,3.1780538303479458,0.6441119673063487,12.95871439787576,9.145588494746486
170,3570,320000.0,1480.0,-7.58,1,0,0,0,0,0,0,0,0,1,0,0,0,0,0,0,Hyper Giants,7.299797366758161,0.977739176110892,12.676076274775909,8.180320874773685
171,3500,138000.0,1420.0,-8.18,1,0,0,0,0,0,0,0,0,1,0,0,0,0,0,0,Hyper Giants,7.258412150595307,0.9743893233041326,11.835008964139341,8.160518247477505
172,4287,630000.0,1315.0,-9.2,0,0,0,0,0,0,1,0,0,0,0,0,0,0,1,0,Hyper Giants,7.181591944611865,0.9681712481920729,13.353475098367715,8.363342466597977
173,26000,316000.0,1679.0,-9.1,0,1,0,0,0,0,0,0,0,0,1,0,0,0,0,0,Hyper Giants,7.425953657077541,0.987950672930281,12.66349749256905,10.165851817003619
174,3600,240000.0,1190.0,-7.89,1,0,0,0,0,0,0,0,0,1,0,0,0,0,0,0,Hyper Giants,7.081708586105575,0.9600863671677916,12.388394202324129,8.1886891244442
175,3614,145000.0,1553.0,-7.71,1,0,0,0,0,0,0,0,0,1,0,0,0,0,0,0,Hyper Giants,7.347943823148687,0.9816363054974018,11.884489021402711,8.192570471152173
176,18000,200000.0,1045.0,-8.3,0,1,0,0,0,0,0,0,0,0,0,1,0,0,0,0,Hyper Giants,6.951772164398911,0.9495688943281788,12.206072645530174,9.798127036878302
177,11000,170000.0,1779.0,-9.9,0,0,1,0,0,0,0,0,0,0,1,0,0,0,0,0,Hyper Giants,7.483806687665835,0.9926334837227416,12.043553716032399,9.305650551780507
178,12100,120000.0,708.9,-7.84,0,0,1,0,0,0,0,0,0,0,1,0,0,0,0,0,Hyper Giants,6.563714472860972,0.918158253821493,11.695247021764184,9.400960731584833
179,24490,248490.0,1134.5,-8.24,0,0,1,0,0,0,0,0,0,0,1,0,0,0,0,0,Hyper Giants,7.033947304219897,0.9562204150473635,12.42315788226042,10.106020149946213
180,2831,0.000231,0.0915,16.21,1,0,0,0,0,0,0,0,0,1,0,0,0,0,0,0,Red Dwarf,-2.3914163067006613,0.19330110051425833,-8.37309284744248,7.9483852851118995
181,2914,0.000631,0.116,18.39,1,0,0,0,0,0,0,0,0,1,0,0,0,0,0,0,Red Dwarf,-2.1541650878757723,0.21250497897559548,-7.368204695423061,7.97728198675515
182,3419,0.000245,0.126,17.56,1,0,0,0,0,0,0,0,0,1,0,0,0,0,0,0,Red Dwarf,-2.071473372030659,0.21919831302342205,-8.314252347419547,8.137103389639302
183,3218,0.000452,0.0987,17.34,1,0,0,0,0,0,0,0,0,1,0,0,0,0,0,0,Red Dwarf,-2.3156703325427013,0.19943222383943998,-7.701828378132043,8.076515327552329
184,3453,0.000621,0.0773,17.08,1,0,0,0,0,0,0,0,0,1,0,0,0,0,0,0,Red Dwarf,-2.560061323388761,0.17965042921474095,-7.384179476030796,8.146998697389993
185,2889,0.000352,0.0973,16.93,1,0,0,0,0,0,0,0,0,1,0,0,0,0,0,0,Red Dwarf,-2.3299562897901778,0.19827587240721872,-7.951879382366177,7.968665700466235
186,2968,0.000461,0.119,17.45,1,0,0,0,0,0,0,0,0,1,0,0,0,0,0,0,Red Dwarf,-2.1286317858706076,0.21457172674975847,-7.682112514967626,7.995643604287271
187,3484,0.000551,0.0998,16.67,1,0,0,0,0,0,0,0,0,1,0,0,0,0,0,0,Red Dwarf,-2.304587095664719,0.2003293367605756,-7.50377574881136,8.155936337972394
188,2778,0.000849,0.112,19.45,1,0,0,0,0,0,0,0,0,1,0,0,0,0,0,0,Red Dwarf,-2.1892564076870427,0.2096645744287133,-7.071451371652927,7.9294865233142895
189,3523,0.000957,0.129,16.35,1,0,0,0,0,0,0,0,0,1,0,0,0,0,0,0,Red Dwarf,-2.047942874620465,0.22110294733737135,-6.95170716651132,8.167068178341237
190,3462,0.0053,0.148,11.47,1,0,0,0,0,0,0,0,0,1,0,0,0,0,0,0,Brown Dwarf,-1.9105430052180221,0.23222453569285884,-5.240048458424061,8.149601735736155
191,3257,0.0024,0.46,10.73,1,0,0,0,0,0,0,0,0,1,0,0,0,0,0,0,Brown Dwarf,-0.7765287894989963,0.32401530195303263,-6.032286541628237,8.088561805276234
192,2994,0.0072,0.28,13.45,1,0,0,0,0,0,0,0,0,1,0,0,0,0,0,0,Brown Dwarf,-1.2729656758128873,0.2838321000469841,-4.933674252960127,8.004365564979574
193,3212,0.0016,0.378,12.854,1,0,0,0,0,0,0,0,0,1,0,0,0,0,0,0,Brown Dwarf,-0.9728610833625494,0.30812353318545455,-6.437751649736401,8.074649075066652
194,3523,0.0054,0.319,12.43,1,0,0,0,0,0,0,0,0,1,0,0,0,0,0,0,Brown Dwarf,-1.1425641761972924,0.294387217791784,-5.221356325411908,8.167068178341237
195,3598,0.0027,0.67,13.667,1,0,0,0,0,0,0,0,0,1,0,0,0,0,0,0,Brown Dwarf,-0.40047756659712525,0.35445410018392765,-5.914503505971854,8.188133414510478
196,3142,0.00132,0.258,14.12,1,0,0,0,0,0,0,0,0,1,0,0,0,0,0,0,Brown Dwarf,-1.3547956940605197,0.2772085145804901,-6.630123542383857,8.052614818815567
197,3496,0.00125,0.336,14.94,1,0,0,0,0,0,0,0,0,1,0,0,0,0,0,0,Brown Dwarf,-1.0906441190189327,0.2985897945907458,-6.684611727667927,8.159374736775426
198,3324,0.0065,0.471,12.78,1,0,0,0,0,0,0,0,0,1,0,0,0,0,0,0,Brown Dwarf,-0.7528971849657193,0.32592812020345596,-5.035953102080546,8.10892415597534
199,3463,0.0027,0.675,14.776,1,0,0,0,0,0,0,0,0,1,0,0,0,0,0,0,Brown Dwarf,-0.3930425881096072,0.3550559113103115,-5.914503505971854,8.149890544402423
200,16790,0.0014,0.0121,12.87,0,1,0,0,0,0,0,0,0,0,1,0,0,0,0,0,White Dwarf,-4.414549826379441,0.029542151601778803,-6.571283042360924,9.728538750071586
201,15680,0.00122,0.0114,11.92,0,1,0,0,0,0,0,0,0,0,1,0,0,0,0,0,White Dwarf,-4.474141923581687,0.0247185751514813,-6.708904420236972,9.660141293904399
202,14982,0.00118,0.0113,12.23,0,1,0,0,0,0,0,0,0,0,1,0,0,0,0,0,White Dwarf,-4.482952553263842,0.024005414382815938,-6.7422408405045635,9.614604759507829
203,13340,0.00109,0.0116,12.9,0,1,0,0,0,0,0,0,0,0,1,0,0,0,0,0,White Dwarf,-4.456750180869818,0.026126318871087167,-6.821577582741084,9.498522319469615
204,18340,0.00134,0.0124,11.22,0,1,0,0,0,0,0,0,0,0,1,0,0,0,0,0,White Dwarf,-4.390058806371146,0.031524533711185895,-6.615085665019317,9.816839745810455
205,19920,0.00156,0.0142,11.34,0,1,0,0,0,0,0,0,0,0,1,0,0,0,0,0,White Dwarf,-4.254513314374922,0.04249602278159128,-6.4630694577206915,9.899479531138589
206,24020,0.00159,0.0127,10.55,0,1,0,0,0,0,0,0,0,0,1,0,0,0,0,0,White Dwarf,-4.3661532855175915,0.03345952363157678,-6.444021262749997,10.086642095633975
207,23092,0.00132,0.0104,10.18,0,1,0,0,0,0,0,0,0,0,1,0,0,0,0,0,White Dwarf,-4.56594947283481,0.017287376161555415,-6.630123542383857,10.047241516180824
208,17920,0.00111,0.0106,11.66,0,1,0,0,0,0,0,0,0,0,1,0,0,0,0,0,White Dwarf,-4.546901277864116,0.01882919846677636,-6.803395263657894,9.793672686528922
209,19360,0.00125,0.00998,11.62,0,1,0,0,0,0,0,0,0,0,1,0,0,0,0,0,White Dwarf,-4.607172188658764,0.013950676656067317,-6.684611727667927,9.870964360830568
210,22350,12450.0,6.36,-3.67,0,0,1,0,0,0,0,0,0,0,1,0,0,0,0,0,Main Sequence,1.8500283773520307,0.5366173060809442,9.429475901892854,10.014581600041716
211,10012,552.0,5.856,0.013,0,0,1,0,0,0,0,0,0,0,0,0,1,0,0,0,Main Sequence,1.7674667766590104,0.5299345039729709,6.313548046277095,9.211539652551664
212,13089,788.0,5.992,-0.12,0,0,1,0,0,0,0,0,0,0,0,0,1,0,0,0,Main Sequence,1.7904252462149184,0.5317928365083893,6.669498089857879,9.479527461791719
213,22012,6748.0,6.64,-2.55,0,0,1,0,0,0,0,0,0,0,1,0,0,0,0,0,Main Sequence,1.8931119634883424,0.540104630428268,8.817001443665859,9.99934303817965
214,34190,198200.0,6.39,-4.57,0,1,0,0,0,0,0,0,0,0,0,1,0,0,0,0,Main Sequence,1.8547342683894434,0.5369982160715541,12.197031900878025,10.439688482633347
215,32460,173800.0,6.237,-4.36,0,1,0,0,0,0,0,0,0,0,0,1,0,0,0,0,Main Sequence,1.8304992975439855,0.5350365594067943,12.065660491813428,10.387763841068582
216,9320,29.0,1.91,1.236,0,0,1,0,0,0,0,0,0,0,0,0,1,0,0,0,Main Sequence,0.6471032420585384,0.4392486678472495,3.367295829986474,9.139917907679637
217,19400,10920.0,6.03,-3.08,0,0,1,0,0,0,0,0,0,0,1,0,0,0,0,0,Main Sequence,1.7967470107390942,0.5323045405079926,9.298351249298896,9.87302834505142
218,17140,883.0,5.653,-2.64,0,0,1,0,0,0,0,0,0,0,1,0,0,0,0,0,Main Sequence,1.7321863776931536,0.5270787947497957,6.78332520060396,9.749170192151771
219,8250,9.25,1.93,-0.98,0,0,0,0,1,0,0,0,0,0,0,0,0,1,0,0,Main Sequence,0.6575200029167941,0.4400918340508777,2.224623551524334,9.017968479328726
220,23678,244290.0,35.0,-6.27,0,1,0,0,0,0,0,0,0,0,0,1,0,0,0,0,Super Giants,3.5553480614894135,0.6746513786311528,12.406111323129286,10.072301625971582
221,12749,332520.0,76.0,-7.02,0,1,0,0,0,0,0,0,0,0,0,1,0,0,0,0,Super Giants,4.330733340286331,0.7374135626506007,12.714455287645025,9.453208116138121
222,9383,342940.0,98.0,-6.98,0,1,0,0,0,0,0,0,0,0,0,1,0,0,0,0,Super Giants,4.584967478670572,0.7579920933676852,12.745310783732842,9.146654820290049
223,23440,537430.0,81.0,-5.975,0,1,0,0,0,0,0,0,0,0,0,1,0,0,0,0,Super Giants,4.394449154672439,0.7425709260630898,13.194553797944819,10.06219924369095
224,16787,246730.0,62.0,-6.35,0,1,0,0,0,0,0,0,0,0,0,1,0,0,0,0,Super Giants,4.127134385045092,0.7209336068861003,12.416049900312624,9.728360056322414
225,18734,224780.0,46.0,-7.45,0,1,0,0,0,0,0,0,0,0,0,1,0,0,0,0,Super Giants,3.828641396489095,0.696772622162049,12.322877425072258,9.838095333769076
226,9892,593900.0,80.0,-7.262,0,1,0,0,0,0,0,0,0,0,0,1,0,0,0,0,Super Giants,4.382026634673881,0.7415654072488245,13.294466234003952,9.199481628641307
227,10930,783930.0,25.0,-6.224,0,1,0,0,0,0,0,0,0,0,0,1,0,0,0,0,Super Giants,3.2188758248682006,0.6474162311377388,13.572075009632053,9.299266581170585
228,23095,347820.0,86.0,-5.905,0,1,0,0,0,0,0,0,0,0,0,1,0,0,0,0,Super Giants,4.454347296253507,0.7474192747319823,12.759440383561834,10.047371422864705
229,21738,748890.0,92.0,-7.346,0,1,0,0,0,0,0,0,0,0,0,1,0,0,0,0,Super Giants,4.5217885770490405,0.752878189405168,13.526347389230695,9.986817160123133
230,24145,382993.0,1494.0,-8.84,0,0,1,0,0,0,0,0,0,0,1,0,0,0,0,0,Hyper Giants,7.309212365692763,0.978501256475112,12.85577199123336,10.091832598307642
231,38234,272830.0,1356.0,-9.29,0,1,0,0,0,0,0,0,0,0,0,1,0,0,0,0,Hyper Giants,7.212294468500341,0.970656409449119,12.5166041695796,10.551480451088963
232,32489,648430.0,1948.5,-10.84,0,1,0,0,0,0,0,0,0,0,0,1,0,0,0,0,Hyper Giants,7.574815124778764,1.0,13.382309335509305,10.388656849488333
233,27739,849420.0,1252.0,-7.59,0,0,1,0,0,0,0,0,0,0,1,0,0,0,0,0,Hyper Giants,7.132497551660044,0.9641973897644972,13.652309042616597,10.230594644192365
234,21904,748490.0,1130.0,-7.67,0,0,1,0,0,0,0,0,0,0,1,0,0,0,0,0,Hyper Giants,7.029972911706386,0.9558987149053573,13.525813122699134,9.99442454752823
235,38940,374830.0,1356.0,-9.93,0,1,0,0,0,0,0,0,0,0,0,1,0,0,0,0,Hyper Giants,7.212294468500341,0.970656409449119,12.834227868832594,10.56977727892619
236,30839,834042.0,1194.0,-10.63,0,1,0,0,0,0,0,0,0,0,0,1,0,0,0,0,Hyper Giants,7.085064293952548,0.960357988978479,13.634039039785106,10.33653540173002
237,8829,537493.0,1423.0,-10.73,0,0,0,1,0,0,0,0,0,0,0,0,1,0,0,0,Hyper Giants,7.260522598089852,0.9745601497276387,13.194671015643337,9.085797036901582
238,9235,404940.0,1112.0,-11.23,0,0,0,1,0,0,0,0,0,0,0,0,1,0,0,0,Hyper Giants,7.013915474810528,0.9545989741998049,12.911494186965507,9.13075589263334
239,37882,294903.0,1783.0,-7.8,0,1,0,0,0,0,0,0,0,0,0,1,0,0,0,0,Hyper Giants,7.48605261786314,0.9928152765529549,12.594401767691604,10.542231344216686
